Criterion,Liquidity Cutoff,Market Cap Cutoff,Avg Monthly Return,t-statistic,Sharpe Ratio
Highest Return,90%,55%,1.4007341528902215,3.1691213898698596,0.5901620601788866
Best Sharpe Ratio,60%,55%,1.3453950446328646,3.199989533090421,0.6105266662924821
Best t-Statistic,60%,55%,1.3453950446328646,3.199989533090421,0.6105266662924821
Lowest Volatility,40%,85%,0.7469349915195226,2.3627281082582567,0.43371723391186706
